country_code_2,fiscal_year,gdp_amount
af,2012,19.248
Al,2012,13.808
dz,2012,177.83
ao,2012,118.426
ag,2012,1.322
ar,2012,315.832
am,2012,9.086
au,2012,"1,039.69"
at,2012,406.52
az,2012,58.795
bs,2012,7.786
bh,2012,24.231
bd,2012,114.717
bb,2012,4.03
by,2012,69.146
be,2012,506.004
bz,2012,1.619
bj,2012,8.007
bt,2012,1.83
bo,2012,21.809
ba,2012,20.424
bw,2012,13.64
br,2012,"1,924.29"
bn,2012,16.632
bg,2012,49.867
bf,2012,9.758
bi,2012,1.607
kh,2012,14.434
cm,2012,26.232
ca!,2012,"1,584.48"
cv,2012,2.243
cf,2012,2.428
td,2012,9.112
cl,2012,169.244
cn,2012,"6,524.23"
co,2012,279.366
km,2012,0.635
cd,2012,14.525
cg,2012,13.186
cr,2012,34.316
ci,2012,28.002
hr,2012,70.51
cy,2012,26.684
cz,2012,229.512
dk,2012,354.901
dj,2012,1.466
dm,2012,0.425
do,2012,51.474
ec,2012,65.757
eg,2012,250.911
sv,2012,25.348
gq,2012,15.172
er,2012,2.677
ee,2012,18.62
et,2012,35.509
fj,2012,3.336
fi,2012,271.393
fr,2012,"2,907.44"
Ga,2012,14.042
gm,2012,0.835
ge,2012,12.291
de,2012,"3,397.87"
gh,2012,19.88
gr,2012,367.41
gd,2012,0.762
gt,2012,39.017
gn,2012,5.378
gw,2012,0.515
gy,2012,1.456
ht,2012,7.943
hn,2012,18.151
hk,2012,243.899
hu,2012,149
is,2012,11.864
in,2012,"1,583.43"
id,2012,661.113
ir,2012,403.811
ie,2012,232.09
il,2012,244.806
it,2012,"2,246.55"
jm,2012,13.297
jp,2012,"5,410.70"
jo,2012,28.802
kz,2012,154.444
ke,2012,45.226
ki,2012,0.122
kr,2012,"1,005.74"
kw,2012,154.047
kg,2012,5.54
la,2012,7.069
lv,2012,23.233
lb,2012,40.474
ls,2012,1.842
lr,2012,1.194
ly,2012,90.605
lt,2012,37.627
lu,2012,51.197
mk,2012,10.946
mg,2012,10.384
mw,2012,7.156
my,2012,248.835
mv,2012,1.666
ml,2012,10.853
mt,2012,8.85
mr,2012,4.949
mu,2012,10.146
mx,2012,"1,097.85"
md,2012,5.3
mn,2012,5.775
ma,2012,112.455
mz,2012,11.186
mm,2012,30.733
na,2012,9.865
np,2012,19.097
nl,2012,854.871
nz,2012,123.024
ni,2012,6.589
ne,2012,7.099
ng,2012,215.126
no,2012,428.127
om,2012,67.539
pk,2012,194.27
pa,2012,31.968
pg,2012,8.822
py,2012,15.939
pE,2012,142.051
ph,2012,190.014
pl,2012,476.825
pt,2012,236.978
qa,2012,161.313
ro,2012,211.43
ru,2012,"1,706.34"
rw,2012,6.182
ws,2012,0.673
st,2012,0.221
sa,2012,514.836
sn,2012,15.422
rs,2012,51.111
sc,2012,0.931
sl,2012,2.534
sg,2012,195.882
sk,2012,109.056
!si,2012,57.379
sb,2012,0.896
za,2012,314.635
es,2012,"1,506.20"
lk,2012,44.443
sd,2012,80.811
sr,2012,4.514
sz,2012,3.209
se,2012,495.682
ch,2012,514.088
sy,2012,74.323
tw,2012,443.539
tj,2012,6.342
tz,2012,27.901
th,2012,322.009
tl,2012,0.967
tg,2012,3.247
to,2012,0.314
tt,2012,32.868
tn,2012,46.93
tr,2012,638.419
tm,2012,0
ug,2012,19.648
ua,2012,145.757
ae,2012,298.848
gb,2012,"2,611.27"
us,2012,"16,008.51"
uy,2012,47.355
uz,2012,44.892
vu,2012,0.692
ve,2012,394.106
vn,2012,123.505
ye,2012,37.153
Zm,2012,20.208
zw,2012,5.528
af,2013,21.555
al,2013,14.91
dz,2013,190.432
ao,2013,136.415
ag,2013,1.404
ar,2013,329.332
am,2013,9.844
au,2013,"1,078.91"
at,2013,417.771
az,2013,62.867
bs,2013,8.02
bh,2013,25.814
bd,2013,123.447
bb,2013,4.23
by,2013,79.416
be,2013,520.026
bz,2013,1.701
bj,2013,8.713
bt,2013,1.999
bo,2013,23.306
ba,2013,22.102
bw,2013,14.837
br,2013,"2,036.24"
bn,2013,16.917
bg,2013,53.912
bf,2013,10.545
bi,2013,1.714
kh,2013,15.932
cm,2013,27.73
ca,2013,"1,651.52"
cv,2013,2.459
cf,2013,2.599
td,2013,9.046
cl,2013,179.238
cn,2013,"7,287.76"
co,2013,297.363
km,2013,0.682
cd,2013,15.975
cg,2013,12.783
cr,2013,36.735
ci,2013,30.172
hr,2013,74.861
cy,2013,28.066
cz,2013,245.565
dk,2013,370.892
dj,2013,1.612
dm,2013,0.445
do,2013,54.91
ec,2013,69.463
eg,2013,274.795
sv,2013,27.206
gq,2013,15.161
er,2013,3.124
ee,2013,19.803
et,2013,37.891
fj,2013,3.504
fi,2013,281.948
fr,2013,"2,998.97"
ga,2013,14.209
gm,2013,0.882
ge,2013,13.293
de,2013,"3,443.06"
gh,2013,21.199
gr,2013,377.199
gd,2013,0.799
gt,2013,40.468
gn,2013,5.868
gw,2013,0.546
gy,2013,1.558
ht,2013,8.256
hn,2013,19.873
hk,2013,257.357
hu,2013,157.976
is,2013,12.135
in,2013,"1,740.41"
id,2013,716.887
ir,2013,427.594
ie,2013,237.912
il,2013,257.14
it,2013,"2,296.21"
jm,2013,13.873
jp,2013,"5,591.43"
jo,2013,31.028
kz,2013,173.084
ke,2013,49.787
ki,2013,0.126
kr,2013,"1,087.25"
kw,2013,164.479
kg,2013,5.899
la,2013,7.688
lv,2013,24.461
lb,2013,43.163
ls,2013,1.92
lr,2013,1.413
ly,2013,99.912
lt,2013,39.406
lu,2013,53.59
mk,2013,11.74
mg,2013,11.477
mw,2013,8.296
my,2013,270.36
mv,2013,1.784
ml,2013,11.541
mt,2013,9.254
mr,2013,5.582
mu,2013,10.847
mx,2013,"1,186.61"
md,2013,5.634
mn,2013,7.516
ma,2013,120.288
mz,2013,12.031
mm,2013,32.286
na,2013,10.138
np,2013,20.855
nl,2013,876.58
nz,2013,126.316
ni,2013,6.851
ne,2013,7.565
ng,2013,232.736
no,2013,441.282
om,2013,71.594
pk,2013,205.926
pa,2013,35.293
pg,2013,9.077
py,2013,17.257
pe,2013,152.802
ph,2013,200.928
pl,2013,504.989
pt,2013,242.136
qa,2013,170.858
ro,2013,243.392
ru,2013,"1,896.68"
rw,2013,6.697
ws,2013,0.717
st,2013,0.237
sa,2013,556.532
sn,2013,16.412
rs,2013,55.836
sc,2013,1.011
sl,2013,2.704
sg,2013,205.994
sk,2013,115.61
si,2013,60.311
sb,2013,1.002
za,2013,331.801
es,2013,"1,534.01"
lk,2013,47.671
sd,2013,90.739
sr,2013,5.386
sz,2013,3.304
se,2013,521.545
ch,2013,520.368
sy,2013,81.836
tw,2013,466.126
tj,2013,7.325
tz,2013,30.515
th,2013,347.815
tl,2013,1.136
tg,2013,3.409
to,2013,0.332
tt,2013,35.857
tn,2013,49.8
tr,2013,673.753
tm,2013,0
ug,2013,21.451
ua,2013,160.619
ae,2013,326.175
gb,2013,"2,758.80"
us,2013,"16,729.38"
uy,2013,54.388
uz,2013,51.125
vu,2013,0.747
ve,2013,403.123
vn,2013,135.729
ye,2013,40.003
zm,2013,21.829
zw,2013,6.214
af,2014,24.304
al,2014,16.053
dz,2014,203.449
ao,2014,151.089
ag,2014,1.494
ar,2014,347.731
am,2014,10.821
au,2014,"1,125.82"
aT,2014,430.611
az,2014,65.776
bs,2014,8.287
bh,2014,27.165
bd,2014,133.176
bb,2014,4.445
by,2014,91.501
be,2014,535.079
bz,2014,1.787
bj,2014,9.483
bt,2014,2.174
bo,2014,24.925
ba,2014,23.616
bw,2014,15.032
br,2014,"2,155.68"
bn,2014,17.039
bg,2014,58.117
bf,2014,11.402
bi,2014,1.835
kh,2014,17.458
cm,2014,29.758
ca,2014,"1,713.41"
cv,2014,2.689
cf,2014,2.776
td,2014,9.205
cl,2014,183.909
cn,2014,"8,283.35"
co,2014,319.728
km,2014,0.733
cd,2014,17.352
cg,2014,12.671
cr,2014,38.891
ci,2014,32.546
hr,2014,79.296
cy,2014,29.483
cz,2014,264.418
dk,2014,383.979
dj,2014,1.779
dm,2014,0.465
do,2014,58.575
ec,2014,73.444
eg,2014,299.121
sv,2014,29.167
gq,2014,14.881
er,2014,3.663
ee,2014,21.09
et,2014,40.432
fj,2014,3.683
fi,2014,293.345
fr,2014,"3,089.18"
ga,2014,14.693
gm,2014,0.944
ge,2014,14.377
de,2014,"3,485.90"
gh,2014,22.631
gr,2014,387.042
gd,2014,0.844
gt,2014,41.885
gn,2014,6.377
gw,2014,0.578
gy,2014,1.658
ht,2014,8.669
hn,2014,21.707
hk,2014,271.4
hu,2014,166.299
is,2014,12.527
in,2014,"1,908.33"
id,2014,777.89
ir,2014,454.918
ie,2014,243.05
il,2014,270.446
it,2014,"2,355.35"
jm,2014,14.694
jp,2014,"5,791.63"
jo,2014,33.304
kz,2014,199.333
ke,2014,55.078
ki,2014,0.129
kr,2014,"1,167.69"
kw,2014,174.939
kg,2014,6.323
la,2014,8.374
lv,2014,25.732
lb,2014,45.994
ls,2014,1.999
lr,2014,1.665
ly,2014,109.604
lt,2014,41.173
lu,2014,56.04
mk,2014,12.566
mg,2014,12.692
mw,2014,9.679
my,2014,293.746
mv,2014,1.914
ml,2014,12.333
mt,2014,9.668
mr,2014,6.045
mu,2014,11.629
mx,2014,"1,273.56"
md,2014,6.052
mn,2014,7.595
ma,2014,128.427
mz,2014,12.755
mm,2014,33.92
na,2014,10.414
np,2014,22.757
nl,2014,902.03
nz,2014,129.843
ni,2014,7.125
ne,2014,8.076
ng,2014,251.306
no,2014,454.533
om,2014,76.1
pk,2014,219.322
pa,2014,38.809
pg,2014,9.077
py,2014,18.788
pe,2014,164.355
ph,2014,212.469
pl,2014,535.655
pt,2014,246.824
qa,2014,178.953
ro,2014,274.083
ru,2014,"2,127.58"
rw,2014,7.251
ws,2014,0.769
st,2014,0.258
sa,2014,601.387
sn,2014,17.473
rs,2014,61.11
sc,2014,1.084
sl,2014,2.871
sg,2014,216.372
sk,2014,122.589
si,2014,63.417
sb,2014,1.086
za,2014,349.581
es,2014,"1,567.79"
lk,2014,51.097
sd,2014,98.222
sr,2014,6.259
sz,2014,3.402
se,2014,547.595
ch,2014,525.688
sy,2014,90.182
tw,2014,488.158
tj,2014,8.713
tz,2014,33.392
th,2014,375.689
tl,2014,1.337
tg,2014,3.603
to,2014,0.352
tt,2014,38.656
tn,2014,53.775
tr,2014,710.833
tm,2014,0
ug,2014,22.991
ua,2014,175.949
ae,2014,356.668
gb,2014,"2,919.12"
us,2014,"17,419.35"
uy,2014,63.167
uz,2014,58.224
vu,2014,0.804
ve,2014,409.562
vn,2014,148.914
ye,2014,42.687
zm,2014,23.613
zw,2014,6.851
af,2015,0
al,2015,11.591
dz,2015,175.077
ao,2015,102.011
ag,2015,1.285
ar,2015,578.705
am,2015,10.607
au,2015,"1,240.80"
at,2015,372.606
az,2015,63.983
bs,2015,0
bh,2015,30.914
bd,2015,202.333
bb,2015,4.451
by,2015,62.02
be,2015,458.651
bz,2015,1.763
bj,2015,7.701
bt,2015,2.209
bo,2015,33.537
ba,2015,15.568
bw,2015,13.091
br,2015,"1,799.61"
bn,2015,11.636
bg,2015,47.167
bf,2015,11.323
bi,2015,2.97
kh,2015,17.714
cm,2015,28.524
ca,2015,"1,572.78"
cv,2015,0
cf,2015,1.624
td,2015,11.688
cl,2015,240.041
cn,2015,"11,384.76"
co,2015,274.189
km,2015,0.589
cd,2015,0
cg,2015,0
cr,2015,51.618
ci,2015,31.27
hr,2015,48.932
cy,2015,19.383
cz,2015,182.462
dk,2015,291.043
dj,2015,1.743
dm,2015,0.538
do,2015,66.575
ec,2015,98.925
eg,2015,0
sv,2015,25.652
gq,2015,10.025
er,2015,4.256
ee,2015,22.934
et,2015,63.022
fj,2015,4.526
fi,2015,230.685
fr,2015,"2,422.65"
ga,2015,13.8
gm,2015,0
ge,2015,13.753
de,2015,"3,371.00"
gh,2015,37.679
gr,2015,192.98
gd,2015,0.957
gt,2015,63.218
gn,2015,6.733
gw,2015,1.035
gy,2015,3.203
ht,2015,8.797
hn,2015,19.941
hk,2015,307.79
hu,2015,118.49
is,2015,16.738
in,2015,"2,182.58"
id,2015,872.615
ir,2015,0
ie  ,2015,227.498
il,2015,298.866
it,2015,"1,819.05"
jm,2015,13.823
jp,2015,"4,116.24"
jo,2015,38.21
kz,2015,195.005
ke,2015,63.121
ki,2015,0.164
kr,2015,"1,392.95"
kw,2015,123.228
kg,2015,7.158
la,2015,0
lv,2015,27.822
lb,2015,54.395
ls,2015,2.035
lr,2015,2.015
ly,2015,29.721
lt,2015,41.776
lu,2015,57.929
mk,2015,0
mg,2015,9.514
mw,2015,6.388
my,2015,313.479
mv,2015,3.031
ml,2015,10.954
mt,2015,9.19
mr,2015,4.677
mu,2015,11.567
mx,2015,"1,161.48"
md,2015,6.188
mn,2015,12.409
ma,2015,103.075
mz,2015,16.985
mm,2015,65.775
na,2015,12.855
np,2015,21.356
nl,2015,750.782
nz,2015,170.59
ni,2015,12.321
ne,2015,7.119
ng,2015,492.986
no,2015,397.59
om,2015,60.179
pk,2015,270.961
pa,2015,47.473
pg,2015,17.995
py,2015,29.065
pe,2015,179.911
ph,2015,299.314
pl,2015,481.235
pt,2015,197.51
qa,2015,192.077
ro,2015,174.922
ru,2015,"1,235.86"
rw,2015,8.468
ws,2015,0.867
st,2015,0.326
sa,2015,632.073
sn,2015,13.988
rs,2015,36.555
sc,2015,1.375
sl,2015,4.266
sg,2015,293.959
sk,2015,86.198
si,2015,42.736
sb,2015,1.205
za,2015,317.285
es,2015,"1,221.39"
lk,2015,79.524
sd,2015,84.331
sr,2015,5.05
sz,2015,4.305
se,2015,483.724
ch,2015,676.979
sy,2015,0
tw,2015,518.816
tj,2015,8.045
tz,2015,46.192
th,2015,373.536
tl,2015,0
tg,2015,4.152
to,2015,0.443
tt,2015,27.668
tn,2015,44.272
tr,2015,722.219
tm,2015,44.362
ug,2015,24.943
ua,2015,90.138
ae,2015,339.085
gb,2015,"2,864.90"
us,2015,"17,968.20"
uy,2015,54.968
uz,2015,65.953
vu,2015,0.771
ve,2015,131.855
vn,2015,198.805
ye,2015,0
zm,2015,24.466
zw,2015,13.905
af,2016,0
al,2016,12.204
dz,2016,181.71
ao,2016,98.815
ag,2016,1.328
ar,2016,578.692
am,2016,10.672
au,2016,"1,253.00"
at,2016,386.227
az,2016,63.602
bs,2016,0
bh,2016,32.335
bd,2016,218.991
bb,2016,4.537
by,2016,66.37
be,2016,473.524
bz,2016,1.841
bj,2016,8.302
bt,2016,2.465
bo,2016,35.231
ba,2016,16.306
bw,2016,13.011
br,2016,"1,672.90"
bn,2016,11.853
bg,2016,48.594
bf,2016,12.239
bi,2016,3.247
kh,2016,19.198
cm,2016,30.79
ca,2016,"1,592.35"
cv,2016,0
cf,2016,1.84
td,2016,12.82
cl,2016,240.309
cn,2016,"12,253.98"
co,2016,263.476
km,2016,0.625
cd,2016,0
cg,2016,0
cr,2016,54.977
ci,2016,34.284
hr,2016,50.04
cy,2016,19.894
cz,2016,189.982
dk,2016,300.906
dj,2016,1.93
dm,2016,0.559
do,2016,69.908
ec,2016,101.698
eg,2016,0
sv,2016,26.592
gq,2016,10.211
er,2016,4.809
ee,2016,24.224
et,2016,70.171
fJ,2016,4.747
fi,2016,237.111
fr,2016,"2,488.38"
ga,2016,14.24
gm,2016,0
ge,2016,14.27
de,2016,"3,472.51"
gh,2016,42.295
gr,2016,192.515
gd,2016,1.005
gt,2016,66.401
gn,2016,7.067
gw,2016,1.116
gy,2016,3.411
ht,2016,8.924
hn,2016,20.457
hk,2016,322.166
hu,2016,124.012
is,2016,17.775
in,2016,"2,384.73"
id,2016,875.75
ir,2016,0
ie,2016,240.454
il,2016,312.434
it,2016,"1,867.57"
jm,2016,14.128
jp,2016,"4,170.64"
jo,2016,40.891
kz,2016,173.199
ke,2016,68.866
ki,2016,0.166
kr,2016,"1,450.05"
kw,2016,128.538
kg,2016,7.659
la,2016,0
lv,2016,29.288
lb,2016,57.028
ls,2016,2.096
lr,2016,2.109
ly,2016,32.38
lt,2016,44.614
lu,2016,61.257
mk,2016,0
mg,2016,9.17
mw,2016,6.149
my,2016,350.992
mv,2016,3.228
ml,2016,11.882
mt,2016,9.721
mr,2016,4.794
mu,2016,12.145
mx,2016,"1,187.05"
md,2016,6.498
mn,2016,12.96
ma,2016,109.912
mz,2016,19.043
mm,2016,71.275
na,2016,13.703
np,2016,24.067
nl,2016,782.934
nz,2016,165.476
ni,2016,13.089
ne,2016,7.652
ng,2016,484.895
no,2016,394.776
om,2016,60.632
pk,2016,0
pa,2016,51.525
pg,2016,18.191
py,2016,30.094
pe,2016,180.375
ph,2016,330.232
pl,2016,508.857
pt,2016,204.186
qa,2016,192.214
ro,2016,183.37
ru,2016,"1,178.92"
rw,2016,9.228
ws,2016,0.9
st,2016,0.356
sa,2016,643.234
sn,2016,15.197
rs,2016,37.74
sc,2016,1.471
sl,2016,4.563
sg,2016,308.716
sk,2016,90.544
si,2016,44.015
sb,2016,1.289
za,2016,326.541
es,2016,"1,265.12"
lk,2016,86.302
sd,2016,85.222
sr,2016,5.187
sz,2016,4.357
se,2016,499.179
ch,2016,687.591
sy,2016,0
tw,2016,540.073
tj,2016,7.97
tz,2016,46.873
th,2016,393.019
tl,2016,0
tg,2016,4.499
to,2016,0.473
tt,2016,28.321
tn,2016,44.584
tr,2016,721.167
tm,2016,51.271
ug,2016,26.631
ua,2016,93.812
ae,2016,356.219
gb,2016,"3,054.84"
us,2016,"18,697.92"
uy,2016,57.151
uz,2016,68.699
vu,2016,0.832
ve,2016,133.534
vn,2016,214.75
ye,2016,0
zm,2016,25.158
zw,2016,14.292
af,2017,0
al,2017,13.214
dz,2017,192.256
ao,2017,105.369
ag,2017,1.386
ar,2017,589.585
am,2017,11.074
au,2017,"1,317.16"
at,2017,402.793
az,2017,70.927
bs,2017,0
bh,2017,34.318
bd,2017,238.723
bb,2017,4.652
by,2017,70.997
be,2017,492.062
bz,2017,1.931
bj,2017,9.061
bt,2017,2.748
bo,2017,38.204
ba,2017,17.356
bw,2017,13.843
br,2017,"1,759.27"
bn,2017,13.038
bg,2017,50.73
bf,2017,13.433
bi,2017,3.512
kh,2017,20.86
cm,2017,33.521
ca,2017,"1,682.37"
cv,2017,0
cf,2017,2.096
td,2017,14.704
cl,2017,250.951
cn,2017,"13,173.59"
co,2017,303.75
km,2017,0.668
cd,2017,0
cg,2017,0
cr,2017,58.787
ci,2017,37.908
hr,2017,52.194
cy,2017,20.767
cz,2017,196.987
dk,2017,316.271
dj,2017,2.14
dm,2017,0.577
do,2017,73.41
ec,2017,104.773
eg,2017,0
sv,2017,27.679
gq,2017,10.399
er,2017,5.478
ee,2017,25.869
et,2017,77.438
fj,2017,4.973
fi,2017,246.361
fr,2017,"2,586.57"
ga,2017,15.478
gm,2017,0
ge,2017,15.677
de,2017,"3,595.41"
gh,2017,46.921
gr,2017,201.336
gd,2017,1.055
gt,2017,70.525
gn,2017,7.587
gw,2017,1.208
gy,2017,3.603
ht,2017,9.339
hn,2017,20.999
hk,2017,339.378
hu,2017,130.636
is,2017,18.588
in,2017,"2,607.41"
id,2017,950.438
ir,2017,0
ie,2017,254.356
il,2017,319.393
it,2017,"1,932.94"
jm,2017,14.713
jp,2017,"4,342.16"
jo,2017,43.821
kz,2017,195.269
ke,2017,76.758
ki,2017,0.169
kr,2017,"1,545.81"
kw,2017,141.776
kg,2017,8.301
la,2017,0
lv,2017,31.416
lb,2017,59.411
ls,2017,2.235
lr,2017,2.282
ly,2017,36.581
lt,2017,48.051
lu,2017,65.169
mk,2017,0
mg,2017,9.75
mw,2017,6.489
my,2017,392.439
mv,2017,3.483
ml,2017,12.913
mt,2017,10.343
mr,2017,5.138
mu,2017,12.902
mx,2017,"1,251.25"
md,2017,7.009
mn,2017,13.699
ma,2017,117.551
mz,2017,21.244
mm,2017,79.046
na,2017,14.924
np,2017,26.388
nl,2017,818.492
nz,2017,172.115
ni,2017,13.872
ne,2017,8.479
ng,2017,508.528
no,2017,415.19
om,2017,65.155
pk,2017,0
pa,2017,56.026
pg,2017,18.924
py,2017,31.441
pe,2017,193.59
ph,2017,366.753
pl,2017,540.186
pt,2017,212.015
qa,2017,212.121
ro,2017,196.786
ru,2017,"1,309.27"
rw,2017,10.091
ws,2017,0.912
st,2017,0.382
sa,2017,694.517
sn,2017,16.744
rs,2017,39.804
sc,2017,1.555
sl,2017,4.918
sg,2017,328.299
sk,2017,96.151
si,2017,46.062
sb,2017,1.386
za,2017,340.529
es,2017,"1,318.83"
lk,2017,94.209
sd,2017,93.817
sr,2017,5.744
sz,2017,4.445
se,2017,519.636
ch,2017,707.527
sy,2017,0
tw,2017,565.374
tj,2017,8.589
tz,2017,50.347
th,2017,411.266
tl,2017,0
tg,2017,4.918
to,2017,0.507
tt,2017,30.022
tn,2017,45.629
tr,2017,761.44
tm,2017,58.193
Ug,2017,29.258
ua,2017,104.307
ae,2017,382.619
gb,2017,"3,232.28"
us,2017,"19,555.87"
uy,2017,59.943
uz,2017,73.457
vu,2017,0.891
ve,2017,144.227
vn,2017,229.845
ye,2017,0
zm,2017,27.17
zw,2017,14.994
af,2018,0
al,2018,14.341
dz,2018,202.179
ao,2018,112.533
ag,2018,1.458
ar,2018,602.868
am,2018,11.63
au,2018,"1,381.51"
at,2018,418.402
az,2018,74.266
bs,2018,0
bh,2018,36.334
bd,2018,260.874
bb,2018,4.805
by,2018,76.023
be,2018,511.491
bz,2018,2.021
bj,2018,9.896
bt,2018,3.141
bo,2018,41.429
ba,2018,18.556
bw,2018,14.814
br,2018,"1,854.68"
bn,2018,14.551
bg,2018,53.227
bf,2018,14.778
bi,2018,3.825
kh,2018,22.765
cm,2018,36.458
ca,2018,"1,773.80"
cv,2018,0
cf,2018,2.371
td,2018,15.988
cl,2018,262.953
cn,2018,"14,272.35"
co,2018,339.668
km,2018,0.717
cd,2018,0
cg,2018,0
cr,2018,62.963
ci,2018,41.84
hr,2018,54.919
cy,2018,21.735
cz,2018,201.46
dk,2018,333.132
dj,2018,2.372
dm,2018,0.598
do,2018,77.088
ec,2018,108.468
eg,2018,0
sv,2018,28.896
gq,2018,10.547
er,2018,6.289
ee,2018,27.646
et,2018,84.407
fj,2018,5.214
fi,2018,256.596
fr,2018,"2,690.48"
ga,2018,16.648
gm,2018,0
ge,2018,17.074
de,2018,"3,721.37"
gh,2018,51.233
gr,2018,211.9
gd,2018,1.108
gt,2018,75.129
gn,2018,8.165
gw,2018,1.313
gy,2018,3.802
ht,2018,9.83
hn,2018,21.646
hk,2018,358.665
hu,2018,137.335
is,2018,19.267
in,2018,"2,846.16"
id,2018,"1,021.23"
ir,2018,0
ie,2018,267.745
il,2018,325.563
it,2018,"1,997.84"
jm,2018,15.426
jp,2018,"4,446.33"
jo,2018,46.937
kz,2018,218.887
ke,2018,85.263
ki,2018,0.173
kr,2018,"1,649.08"
kw,2018,155.529
kg,2018,8.991
la,2018,0
lv,2018,33.696
lb,2018,62.206
ls,2018,2.408
lr,2018,2.499
ly,2018,41.529
lt,2018,50.503
lu,2018,69.332
mk,2018,0
mg,2018,10.405
mw,2018,6.898
my,2018,437.428
mv,2018,3.768
ml,2018,13.967
mt,2018,10.997
mr,2018,5.514
mu,2018,13.699
mx,2018,"1,322.92"
md,2018,7.567
mn,2018,14.82
ma,2018,126.147
mz,2018,23.735
mm,2018,87.474
na,2018,16.215
np,2018,28.555
nl,2018,855.637
nz,2018,179.016
ni,2018,14.702
ne,2018,9.378
ng,2018,534.715
no,2018,436.472
om,2018,69.107
pk,2018,0
pa,2018,61.149
pg,2018,19.858
py,2018,32.84
pe,2018,207.923
ph,2018,407.942
pl,2018,577.055
pt,2018,219.857
qa,2018,232.669
ro,2018,211.094
ru,2018,"1,447.26"
rw,2018,11.105
ws,2018,0.941
st,2018,0.413
sa,2018,749.201
sn,2018,18.504
rs,2018,42.946
sc,2018,1.649
sl,2018,5.37
sg,2018,348.796
sk,2018,101.932
si,2018,48.168
sb,2018,1.492
za,2018,357.046
es,2018,"1,372.18"
lk,2018,102.841
sd,2018,101.047
sr,2018,6.251
sz,2018,4.555
sE,2018,541.467
ch,2018,727.226
sy,2018,0
tw,2018,591.253
tj,2018,9.328
tz,2018,54.761
th,2018,432.409
tl,2018,0
tg,2018,5.367
to,2018,0.531
tt,2018,31.906
tn,2018,46.962
tr,2018,804.563
tm,2018,65.462
ug,2018,31.577
ua,2018,115.455
ae,2018,410.422
gb,2018,"3,425.54"
us,2018,"20,493.25"
uy,2018,63.134
uz,2018,78.31
vu,2018,0.949
ve,2018,155.096
vn,2018,247.415
ye,2018,0
zm,2018,29.911
zw,2018,15.736
af,2019,0
al,2019,15.553
dz,2019,210.906
ao,2019,119.403
ag,2019,1.536
ar,2019,617.386
am,2019,12.273
au,2019,"1,442.47"
at,2019,433.75
az,2019,83.996
bs,2019,0
bh,2019,38.446
bd,2019,285.329
bb,2019,4.999
by,2019,82.437
be,2019,531.189
bz,2019,2.114
bj,2019,10.765
bt,2019,3.468
bo,2019,44.903
ba,2019,19.897
bw,2019,16.065
br,2019,"1,953.67"
bn,2019,17.129
bg,2019,56.032
bf,2019,16.266
bi,2019,4.145
kh,2019,24.83
cm,2019,39.594
ca,2019,"1,860.06"
cv,2019,0
cf,2019,2.637
td,2019,17.44
cl,2019,276.484
cn,2019,"15,620.71"
co,2019,379.025
km,2019,0.769
cd,2019,0
cg,2019,0
cr,2019,67.209
ci,2019,45.956
hr,2019,57.948
cy,2019,22.747
cz,2019,203.527
dk,2019,349.886
dj,2019,2.614
dm,2019,0.621
do,2019,80.95
ec,2019,112.418
eg,2019,0
sv,2019,30.081
gq,2019,10.681
er,2019,7.23
ee,2019,29.537
et,2019,91.98
fj,2019,5.47
fi,2019,267.335
fr,2019,"2,801.75"
ga,2019,17.773
gm,2019,0
ge,2019,18.632
de,2019,"3,846.70"
gh,2019,54.993
gr,2019,222.361
gd,2019,1.164
gt,2019,79.96
gn,2019,8.71
gw,2019,1.426
gy,2019,4.012
ht,2019,10.397
hn,2019,22.357
hk,2019,379.776
hu,2019,143.759
is,2019,19.757
in,2019,"3,131.95"
id,2019,"1,103.29"
ir,2019,0
ie,2019,280.731
il,2019,331.085
it,2019,"2,061.97"
jm,2019,16.213
jp,2019,"4,590.91"
jo,2019,50.276
kz,2019,243.072
ke,2019,94.303
ki,2019,0.175
kr,2019,"1,763.36"
kw,2019,167.562
kg,2019,9.715
la,2019,0
lv,2019,36.003
lb,2019,66.123
ls,2019,2.538
lr,2019,2.733
ly,2019,46.746
lt,2019,53.269
lu,2019,73.645
mk,2019,0
mg,2019,11.13
mw,2019,7.374
my,2019,487.731
mv,2019,4.086
ml,2019,15.037
mt,2019,11.656
mr,2019,5.925
mu,2019,14.526
mx,2019,"1,404.92"
md,2019,8.235
mn,2019,16.069
ma,2019,135.994
mz,2019,26.495
mm,2019,96.408
na,2019,17.37
np,2019,30.271
nl,2019,893.292
nz,2019,185.929
ni,2019,15.581
ne,2019,10.274
ng,2019,565.231
no,2019,453.441
om,2019,72.115
pk,2019,0
pa,2019,66.299
pg,2019,21.043
py,2019,34.237
pe,2019,221.314
ph,2019,454.796
pl,2019,617.513
pt,2019,227.453
qa,2019,251.129
ro,2019,225.12
ru,2019,"1,613.84"
rw,2019,12.132
ws,2019,0.976
st,2019,0.453
sa,2019,799.75
sn,2019,20.464
rs,2019,46.258
sc,2019,1.738
sl,2019,5.865
sg,2019,370.063
sk,2019,107.913
si,2019,50.312
sb,2019,1.611
za,2019,374.482
es,2019,"1,427.74"
lk,2019,112.264
sd,2019,109.358
sr,2019,6.738
sz,2019,4.657
se,2019,562.124
ch,2019,746.28
sy,2019,0
tw,2019,618.101
tj,2019,10.182
tz,2019,59.349
th,2019,454.082
tl,2019,0
tg,2019,5.836
to,2019,0.558
tt,2019,33.896
tn,2019,50.171
tr,2019,851.773
tm,2019,73.974
ug,2019,34.188
ua,2019,125.991
ae,2019,438.118
Gb,2019,"3,616.82"
us,2019,"21,404.19"
uy,2019,66.532
uz,2019,83.478
vu,2019,1.002
ve,2019,170.41
vn,2019,265.987
ye,2019,0
zm,2019,32.957
zw,2019,16.609
af,2020,0
al,2020,16.996
dz,2020,219.16
ao,2020,127.15
ag,2020,1.617
ar,2020,633.889
am,2020,12.939
au,2020,"1,515.70"
at,2020,452.657
az,2020,87.276
bs,2020,0
bh,2020,40.522
bd,2020,310.858
bb,2020,5.222
by,2020,89.315
be,2020,556.197
bz,2020,2.207
bj,2020,11.659
bt,2020,3.798
bo,2020,48.626
ba,2020,21.559
bw,2020,17.456
br,2020,"2,054.41"
bn,2020,19.1
bg,2020,59.506
bf,2020,18.003
bi,2020,4.489
kh,2020,27.089
cm,2020,43.247
ca,2020,"1,958.15"
cv,2020,0
cf,2020,2.916
td,2020,18.547
cl,2020,292.019
cn,2020,"17,100.06"
co,2020,421.246
km,2020,0.834
cd,2020,0
cg,2020,0
cr,2020,71.816
ci,2020,50.86
hr,2020,61.381
cy,2020,23.907
cz,2020,206.851
dk,2020,369.686
dj,2020,2.854
dm,2020,0.646
do,2020,85.005
ec,2020,116.105
eg,2020,0
sv,2020,31.358
gq,2020,10.856
er,2020,7.584
ee,2020,31.856
et,2020,100.324
fj,2020,5.739
fi,2020,281.26
fr,2020,"2,940.19"
ga,2020,18.899
gm,2020,0
ge,2020,20.331
de,2020,"4,004.94"
gh,2020,58.288
gr,2020,234.579
gd,2020,1.223
gt,2020,85.228
gn,2020,10.326
gw,2020,1.563
gy,2020,4.223
ht,2020,10.97
hn,2020,23.101
hk,2020,405.781
hu,2020,150.095
is,2020,19.991
in,2020,"3,443.60"
id,2020,"1,193.91"
ir,2020,0
ie,2020,295.976
il,2020,339.065
it,2020,"2,143.80"
jm,2020,17.084
jp,2020,"4,746.88"
jo,2020,53.852
kz,2020,268.657
ke,2020,104.043
ki,2020,0.18
kr,2020,"1,898.76"
kw,2020,178.517
kg,2020,10.43
la,2020,0
lv,2020,38.834
lb,2020,70.286
ls,2020,2.682
lr,2020,2.984
lY,2020,53.805
lt,2020,56.8
lu,2020,78.827
mk,2020,0
mg,2020,11.89
mw,2020,7.912
my,2020,544.418
mv,2020,4.434
ml,2020,16.13
mt,2020,12.432
mr,2020,6.291
mu,2020,15.51
mx,2020,"1,495.66"
md,2020,8.998
mn,2020,17.871
ma,2020,146.854
mz,2020,32.223
mm,2020,106.221
na,2020,18.661
np,2020,32.1
nl,2020,940.749
nz,2020,194.677
ni,2020,16.513
ne,2020,11.4
ng,2020,594.992
no,2020,470.99
om,2020,74.402
pk,2020,0
pa,2020,71.679
pg,2020,22.366
py,2020,35.722
pe,2020,235.091
ph,2020,507.251
pl,2020,663.519
pt,2020,237.171
qa,2020,267.515
ro,2020,242.889
ru,2020,"1,791.79"
rw,2020,13.335
ws,2020,1.016
st,2020,0.5
sa,2020,848.557
sn,2020,22.828
rs,2020,50.031
sc,2020,1.825
sl,2020,6.373
sg,2020,394.977
sk,2020,115.111
si,2020,52.951
sb,2020,1.751
za,2020,394.715
es,2020,"1,497.67"
lk,2020,122.55
sd,2020,117.403
sr,2020,7.266
sz,2020,4.787
se,2020,585.743
ch,2020,770.927
sy,2020,0
tw,2020,650.902
tj,2020,11.111
tz,2020,64.145
th,2020,473.997
tl,2020,0
tg,2020,6.394
to,2020,0.574
tt,2020,36.113
tn,2020,53.537
tr,2020,905.844
tm,2020,83.993
ug,2020,37.688
ua,2020,137.856
ae,2020,468.902
gb,2020,"3,851.98"
us,2020,"22,294.11"
uy,2020,70.107
uz,2020,88.986
vu,2020,1.057
ve,2020,184.364
vn,2020,287.257
ye,2020,0
zm,2020,36.316
zw,2020,17.529
af,2021,0
al,2021,16.77
dz,2021,163.812
ao,2021,70.339
ag,2021,1.405
ar,2021,455.172
am,2021,13.612
au,2021,"1,610.56"
at,2021,481.209
az,2021,52.645
bs,2021,0
bh,2021,39.104
bd,2021,355.689
bb,2021,4.648
by,2021,65.754
be,2021,581.848
bz,2021,1.909
bj,2021,18.067
bt,2021,2.48
bo,2021,38.547
ba,2021,21.692
bw,2021,17.605
br,2021,"1,645.84"
bn,2021,15.686
bg,2021,77.907
bf,2021,19.932
bi,2021,3.193
kh,2021,26.08
cm,2021,44.806
ca,2021,"2,015.98"
cv,2021,0
cf,2021,2.587
td,2021,12.345
cl,2021,331.25
cn,2021,"16,862.98"
co,2021,300.791
km,2021,1.281
cd,2021,0
cg,2021,0
cr,2021,61.46
ci,2021,68.845
hr,2021,63.399
cy,2021,26.546
cz,2021,276.914
dk,2021,396.666
dj,2021,3.654
dm,2021,0.571
do,2021,89.502
ec,2021,104.483
eg,2021,396.328
sV,2021,27.665
gq,2021,12.528
er,2021,2.254
ee,2021,36.039
et,2021,92.757
fj,2021,4.639
fi,2021,296.016
fr,2021,"2,940.43"
ga,2021,18.293
gm,2021,0
ge,2021,17.846
de,2021,"4,230.17"
gh,2021,75.487
gr,2021,211.645
gd,2021,1.083
gt,2021,83.305
gn,2021,16.724
gw,2021,1.592
gy,2021,7.395
ht,2021,20.143
hn,2021,26.325
hk,2021,369.722
hu,2021,180.959
is,2021,25.476
in,2021,"2,946.06"
id,2021,"1,150.25"
ir,2021,0
ie,2021,516.253
il,2021,467.532
it,2021,"2,120.23"
jm,2021,14.857
jp,2021,"5,103.11"
jo,2021,45.344
kz,2021,194.024
ke,2021,109.491
ki,2021,0.232
kr,2021,"1,823.85"
kw,2021,132.266
kg,2021,8.15
la,2021,0
lv,2021,37.199
lb,2021,0
ls,2021,2.478
lr,2021,3.384
ly,2021,27.3
lt,2021,62.635
lu,2021,83.771
mk,2021,0
mg,2021,14.101
mw,2021,12.15
my,2021,371.114
mv,2021,4.573
ml,2021,19.563
mt,2021,16.695
mr,2021,9.164
mu,2021,10.998
mx,2021,"1,285.52"
md,2021,12.396
mn,2021,14.28
ma,2021,126.035
mz,2021,15.833
mm,2021,66.74
na,2021,12.213
np,2021,34.265
nl,2021,"1,007.56"
nz,2021,247.64
ni,2021,13.397
ne,2021,15.637
ng,2021,480.482
no,2021,445.507
om,2021,80.611
pk,2021,0
pa,2021,60.121
pg,2021,26.461
py,2021,36.973
pe,2021,225.858
ph,2021,385.737
pl,2021,655.332
pt,2021,251.709
qa,2021,169.184
ro,2021,287.279
ru,2021,"1,647.57"
rw,2021,10.395
ws,2021,0.78
st,2021,0.534
sa,2021,842.588
sn,2021,27.576
rs,2021,60.669
sc,2021,1.288
!sl,2021,4.407
sg,2021,378.645
sk,2021,116.748
si,2021,60.89
sb,2021,1.649
za,2021,415.315
es,2021,"1,439.96"
lk,2021,80.785
sd,2021,35.919
sr,2021,2.817
sz,2021,0
se,2021,622.365
ch,2021,810.83
sy,2021,0
tw,2021,785.589
tj,2021,8.104
tz,2021,69.238
th,2021,546.223
tl,2021,0
tg,2021,8.493
to,2021,0.501
tt,2021,21.599
tn,2021,42.733
tr,2021,795.952
tm,2021,53.087
ug,2021,43.243
ua,2021,181.038
ae,2021,410.158
gb,2021,"3,108.42"
us,2021,"22,939.58"
uy,2021,60.108
uz,2021,65.503
vu,2021,0.999
ve,2021,44.893
vn,2021,368.002
ye,2021,0
zm,2021,21.699
zw,2021,25.791
af,2022,0
al,2022,18.012
dz,2022,168.195
ao,2022,74.953
ag,2022,1.534
ar,2022,483.765
am,2022,15.06
au,2022,"1,677.45"
at,2022,520.343
az,2022,54.725
bs,2022,0
bh,2022,41.057
bd,2022,390.608
bb,2022,5.142
by,2022,70.632
be,2022,619.16
bz,2022,2.062
bj,2022,19.917
bt,2022,2.74
bo,2022,40.895
ba,2022,23.006
bw,2022,19.002
br,2022,"1,810.61"
bn,2022,16.263
bg,2022,84.308
bf,2022,21.887
bi,2022,3.396
kh,2022,27.985
cm,2022,48.29
ca,2022,"2,189.79"
cv,2022,0
cf,2022,2.797
td,2022,12.953
cl,2022,352.664
cn,2022,"18,463.13"
co,2022,319.29
km,2022,1.363
cd,2022,0
cg,2022,0
cr,2022,64.374
ci,2022,75.075
hr,2022,68.525
cy,2022,28.291
cz,2022,302.061
dk,2022,414.55
dj,2022,3.932
dm,2022,0.628
do,2022,97.371
ec,2022,109.975
eg,2022,438.348
sv,2022,29.316
gq,2022,12.074
er,2022,2.484
ee,2022,39.542
et,2022,0
fj,2022,5.01
fi,2022,314.538
fr,2022,"3,140.03"
ga,2022,19.632
gm,2022,0
ge,2022,19.688
de,2022,"4,557.35"
gh,2022,82.018
gr,2022,224.894
gd,2022,1.16
gt,2022,89.214
gn,2022,18.223
gw,2022,1.721
gy,2022,9.837
ht,2022,18.825
hn,2022,27.923
hk,2022,389.977
hU,2022,198.992
is,2022,27.172
in,2022,"3,250.08"
id,2022,"1,247.35"
ir,2022,0
ie,2022,550.518
il,2022,501.409
it,2022,"2,272.27"
jm,2022,15.63
jp,2022,"5,383.68"
jo,2022,47.5
kz,2022,203.666
ke,2022,116.641
ki,2022,0.245
kr,2022,"1,907.66"
kw,2022,138.78
kg,2022,8.928
la,2022,0
lv,2022,40.83
lb,2022,0
ls,2022,2.592
lr,2022,3.664
ly,2022,29.202
lt,2022,67.659
lu,2022,89.683
mk,2022,0
mg,2022,15.402
mw,2022,12.008
my,2022,415.375
mv,2022,5.296
ml,2022,21.261
mt,2022,18.209
mr,2022,9.336
mu,2022,11.954
mx,2022,"1,371.64"
md,2022,13.315
  mn,2022,15.83
ma,2022,132.645
mz,2022,16.759
mm,2022,63.052
na,2022,13.122
np,2022,36.296
nl,2022,"1,070.75"
nz,2022,267.636
ni,2022,13.948
ne,2022,17.261
ng,2022,555.346
no,2022,458.398
om,2022,85.719
pk,2022,0
pa,2022,64.366
pg,2022,28.31
py,2022,39.197
pe,2022,231.691
ph,2022,406.107
pl,2022,720.35
pt,2022,271.191
qa,2022,180.883
ro  ,2022,314.876
ru,2022,"1,703.53"
rw,2022,11.035
ws,2022,0.808
st,2022,0.573
sa,2022,876.148
sn,2022,30.039
rs,2022,65.697
sc,2022,1.751
sl,2022,4.587
sg,2022,396.995
sk,2022,127.497
si,2022,65.475
sb,2022,1.798
za,2022,435.212
es,2022,"1,570.91"
lk,2022,83.315
sd,2022,37.769
sr,2022,2.937
sz,2022,0
se,2022,660.918
ch,2022,862.819
sy,2022,0
tw,2022,850.528
tj,2022,8.756
tz,2022,74.536
th,2022,585.586
tl,2022,0
tg,2022,9.357
to,2022,0.54
tt,2022,23.082
tn,2022,45.454
tr,2022,844.534
tm,2022,60.263
ug,2022,47
ua,2022,203.925
ae,2022,427.93
gb,2022,"3,442.21"
us,2022,"24,796.08"
uy,2022,63.741
uz,2022,72.762
vu,2022,1.06
ve,2022,43.546
vn,2022,415.493
ye,2022,0
zm,2022,23.967
zw,2022,27.806
